{
  "valid": {
    "source": {
      "min": 10,
      "max": 81,
      "avg": 31.14902245626778,
      "std_dev": 11.66217655528765
    },
    "target": {
      "min": 6,
      "max": 92,
      "avg": 24.196114036680587,
      "std_dev": 10.123780229025241
    }
  },
  "test": {
    "source": {
      "min": 10,
      "max": 78,
      "avg": 32.47279920870425,
      "std_dev": 12.750361294244527
    },
    "target": {
      "min": 6,
      "max": 75,
      "avg": 23.754368611935377,
      "std_dev": 10.210026630243014
    }
  }
}