{
  "valid": {
    "source": {
      "min": 10,
      "max": 81,
      "avg": 31.146396123561477,
      "std_dev": 11.662561201194867
    },
    "target": {
      "min": 6,
      "max": 92,
      "avg": 24.178679588128407,
      "std_dev": 10.111375220816855
    }
  },
  "test": {
    "source": {
      "min": 10,
      "max": 78,
      "avg": 32.47093791281374,
      "std_dev": 12.753822471227403
    },
    "target": {
      "min": 6,
      "max": 75,
      "avg": 23.70211360634082,
      "std_dev": 10.174425070708361
    }
  }
}